createdAt,content,link,message,page_id,id,react_angry,react_haha,react_like,react_love,react_sad,react_wow,scrape_time,shares
2017-07-14T14:30:59+0000,,https://www.facebook.com/bbcnews/videos/10154890879532217/,We are #LIVE outside the National Rifle Association of America's headquarters for a demonstration organised by the Women's March. The BBC's Hetal Gandhi is speaking to NRA supporters and activists from the Women's March about the recent verdict in #PhilandoCastile's death and a controversial NRA commercial - that sparked this event. Share your questions below.,228735667216,228735667216_10154890879532217,54,24,993,144,12,24,2017-07-14 11:01:24.379857,139
2017-07-14T14:20:59+0000, ,http://bbc.in/2talMsx,"UPDATE:
-2 Ukrainian tourists killed in stabbing at hotel in Red Sea resort of Hurghada in Egypt.
-Four others wounded.
-Suspect arrested, officials say.",228735667216,228735667216_10154890968202217,172,8,994,11,783,264,2017-07-14 11:01:24.379857,680
2017-07-14T13:40:38+0000,,https://www.facebook.com/bbcnews/videos/10154890852247217/,Proms: Come with us on a tour of the Royal Albert Hall as preparations are underway for the biggest classical music festival in the world - the Proms. Check out https://www.bbc.co.uk/proms for the full schedule of events.,228735667216,228735667216_10154890852247217,5,12,2034,369,6,45,2017-07-14 11:01:24.379857,395
2017-07-14T12:55:45+0000,,https://www.facebook.com/bbcnews/videos/1426789250735491/,"Thousands say their final goodbyes to Bradley Lowery http://bbc.in/2ugAwWm üíô

(Via BBC Look North (North East & Cumbria))",228735667216,228735667216_1426789250735491,6,0,2262,754,1989,11,2017-07-14 11:01:24.379857,542
2017-07-14T12:45:00+0000,,https://www.facebook.com/bbcnews/videos/10154890645702217/,"Despite safety warnings, this beach near an airport has become a world-famous attraction. Tourists get up close to planes, with sometimes devastating consequences. bbc.in/2sSscbj",228735667216,228735667216_10154890645702217,65,513,4336,54,128,815,2017-07-14 11:01:24.379857,1956
2017-07-14T12:05:50+0000, ,http://bbc.in/2upZBP3,"""Grandparents are the epitome of close family members"" - a judge in Hawaii has dealt another blow to Donald J. Trump's travel ban.",228735667216,228735667216_10154890600247217,25,136,2549,195,2,17,2017-07-14 11:01:24.379857,159
2017-07-14T11:17:02+0000, ,http://bbc.in/2uqthLM,"Thousands have come to say goodbye to Bradley Lowery, the six-year-old Sunderland AFC fan who died from cancer, police say.",228735667216,228735667216_10154890480662217,0,2,4123,1005,2256,41,2017-07-14 11:01:24.379857,560
2017-07-14T10:32:19+0000, ,http://bbc.in/2ulKe9u,Emojis are used as codewords for different drugs.,228735667216,228735667216_10154890399087217,51,273,1302,24,39,190,2017-07-14 11:01:24.379857,303
2017-07-14T09:39:20+0000,,https://www.facebook.com/bbcnews/videos/1887717684813716/,"What should you do if you're caught up in an acid attack?

Here's advice on how to treat chemical burns, after corrosive substances were thrown in people's faces in five attacks in London last night (bbc.in/2uYWkDr).",228735667216,228735667216_1887717684813716,403,10,2169,15,874,115,2017-07-14 11:01:24.379857,2630
2017-07-14T09:03:54+0000,Alvin Hall: Going to university soon? Want advice on how to budget? Financial expert Alvin Hall joined us live to answer your questions.,https://www.facebook.com/BBCFamilyNews/videos/1509976895732039/,"Need advice on how to budget whilst at university?

Alvin Hall is live answering your questions, send them in below üëá",228735667216,228735667216_10154890122852217,2,1,448,23,0,7,2017-07-14 11:01:24.379857,0
2017-07-14T08:46:05+0000,,https://www.facebook.com/bbcnews/videos/10154890086432217/,"It's a year since the failed coup in Turkey, where this man was run over by a tank. Twice. http://bbc.in/2sWID6J",228735667216,228735667216_10154890086432217,39,37,1291,23,169,205,2017-07-14 11:01:24.379857,440
2017-07-14T08:00:56+0000, ,http://bbc.in/2sWK30H,Beyonc√© introduces Sir Carter and Rumi to the world. üêùüçºüåé,228735667216,228735667216_10154889998692217,54,837,12936,1412,15,107,2017-07-14 11:01:24.379857,658
2017-07-14T07:33:17+0000,,https://www.facebook.com/bbcnews/videos/10154889942487217/,Butterflies: Sir David Attenborough joined us live. He wants your help to count butterflies because of a worrying decline. BBC Breakfast  Ciara Riordan,228735667216,228735667216_10154889942487217,4,6,2498,684,28,45,2017-07-14 11:01:24.379857,551
2017-07-14T07:05:45+0000, ,http://bbc.in/2upBn7A,When Dirty Dancing goes wrong... üôà,228735667216,228735667216_10154889887827217,4,5198,4373,81,38,646,2017-07-14 11:01:24.379857,1837
2017-07-14T06:19:53+0000, ,http://bbc.in/2sWlMbl,A leopard can't change his spots but this mummy doesn't seem to mind.,228735667216,228735667216_10154889811352217,3,46,16850,3051,14,718,2017-07-14 11:01:24.379857,1480
2017-07-14T05:21:06+0000, ,http://bbc.in/2sWnARI,Five attacks in north-east London involved corrosive substances being thrown in peoples' faces.,228735667216,228735667216_10154889722087217,955,6,1368,7,336,192,2017-07-14 11:01:24.379857,537
2017-07-14T04:43:33+0000, ,http://bbc.in/2t93d82,"""The secrecy surrounding rising tiger deaths.""",228735667216,228735667216_10154889663357217,219,5,1433,14,383,27,2017-07-14 11:01:24.379857,151
2017-07-14T03:53:33+0000, ,http://bbc.in/2vj97QC,"The Nobel Prize winner once said: ""The internet is truly God's gift to the Chinese people.""",228735667216,228735667216_10154889557197217,26,6,1562,46,492,18,2017-07-14 11:01:24.379857,197
2017-07-14T02:42:33+0000, ,http://bbc.in/2ufBVfV,"The attacks all happened within 90 minutes, victims taken to hospital.",228735667216,228735667216_10154889414912217,745,1,1374,16,722,106,2017-07-14 11:01:24.379857,460
2017-07-14T02:30:23+0000,,https://www.facebook.com/bbcnews/photos/a.10150618575207217.382392.228735667216/10154889386187217/?type=3,"""Let the darkness transform into rock
across the wilderness of my memory.""

‚ÄîLiu Xiaobo (1955‚Äì2017) http://bbc.in/2viZuBb",228735667216,228735667216_10154889386187217,4,8,2667,195,729,9,2017-07-14 11:01:24.379857,358
2017-07-14T01:59:35+0000, ,http://bbc.in/2sVNCVf,China's most influential dissident was denied overseas treatment for terminal liver cancer.,228735667216,228735667216_10154889308562217,153,7,983,10,323,12,2017-07-14 11:01:24.379857,110
2017-07-14T01:40:03+0000, ,http://bbc.in/2tQZR6N,"So what's in the latest version of the Republican bill?
- an extra $45bn to tackle the US opioid epidemic
- an additional $70bn to help cover so-called out-of-pocket medical expenses
- allow insurers to not offer essential health benefits",228735667216,228735667216_10154889223727217,626,70,747,23,28,25,2017-07-14 11:01:24.379857,126
2017-07-14T00:40:51+0000,,https://www.facebook.com/bbcnews/videos/10154889016422217/,"Juan Pablo Villalobos Maradiaga was born in 1901
just celebrated his 116th birthday
and has outlived 14 of his children.",228735667216,228735667216_10154889016422217,3,47,11024,1120,24,2531,2017-07-14 11:01:24.379857,3234
2017-07-13T23:40:12+0000, ,http://bbc.in/2uWtCmx,Police had to withdraw the stuck workman. üí∞,228735667216,228735667216_10154888875107217,3,1117,3488,64,36,602,2017-07-14 11:01:24.379857,629
2017-07-13T22:30:32+0000, ,http://bbc.in/2t8busH,Justin Trudeau picked former astronaut Julie Payette to become the Queen's representative in Canada.,228735667216,228735667216_10154888663672217,2,8,3644,335,1,59,2017-07-14 11:01:24.379857,168
2017-07-13T21:50:51+0000,,https://www.facebook.com/bbcnews/videos/10154888522807217/,"""She's in such good physical shape"" - President Donald J. Trump tells Emmanuel Macron as the two couples chatted in Paris.

http://bbc.in/2tRJAOU",228735667216,228735667216_10154888522807217,5356,4235,5455,214,259,1231,2017-07-14 11:01:32.343653,2580
2017-07-13T21:35:53+0000, ,http://bbc.in/2uopU8v,"Tami Barker cancelled Dyne Suh‚Äôs Airbnb booking, telling her in a message: ""It‚Äôs why we have Trump‚Äù.",228735667216,228735667216_10154888481772217,5886,253,8299,163,948,1440,2017-07-14 11:01:32.343653,1489
2017-07-13T20:40:13+0000, ,http://bbc.in/2sVj4mv,"Some are calling the decision to award the ex-Guantanamo Bay prisoner millions a ""slap in the face"".",228735667216,228735667216_10154888328917217,289,34,1075,52,13,36,2017-07-14 11:01:32.343653,94
2017-07-13T20:21:23+0000,,https://www.facebook.com/bbcnews/videos/10156521638374968/,"Zac lost his thumb after being attacked by a bull. Surgeons tried to reattach it but after two failed attempts, opted to relocate his big toe in surgery lasting eight hours.

http://bbc.in/2tRvRaw

(via Newsbeat)",228735667216,228735667216_10156521638374968,2,75,811,17,23,231,2017-07-14 11:01:32.343653,172
2017-07-13T19:57:59+0000,,https://www.facebook.com/bbcnews/videos/10155178616101971/,"Wait for it...

Police have released dramatic footage of raiders ripping out a cash machine in Leicestershire, England with a...digger.

http://bbc.in/2ujzTuG

(via BBC Leicester)",228735667216,228735667216_10155178616101971,285,3941,11194,175,66,4830,2017-07-14 11:01:32.343653,6920
2017-07-13T18:52:47+0000, ,http://bbc.in/2va0CXG,"In a single week last summer, #AltonSterling, #PhilandoCastile and five police officers died in three different US cities.

One year on, what's changed?",228735667216,228735667216_10154888012537217,8,5,576,18,72,11,2017-07-14 11:01:32.343653,52
2017-07-13T18:16:49+0000, ,http://bbc.in/2ue8Dhv,"President Donald J. Trump says ""most people"" would have taken the meeting his son had with a Russian lawyer.",228735667216,228735667216_10154887886552217,398,818,1487,46,38,39,2017-07-14 11:01:32.343653,125
2017-07-13T17:24:34+0000,,https://www.facebook.com/bbcnews/videos/10154887607697217/,"‚ÄúIn other islands, when people see refugees they get angry. Here‚Ä¶ they smile‚Äù ‚Äì the Greek island welcoming Syrian migrants",228735667216,228735667216_10154887607697217,59,91,20212,4335,13,390,2017-07-14 11:01:32.343653,4606
2017-07-13T16:43:02+0000,,https://www.facebook.com/bbcnews/videos/10154887238037217/,"Watch LIVE: US President Donald J. Trump and French President Emmanuel Macron hold a joint press conference in Paris, France ahead of the country‚Äôs Bastille Day celebrations.",228735667216,228735667216_10154887238037217,620,163,2202,271,50,67,2017-07-14 11:01:32.343653,450
2017-07-13T16:00:34+0000,,https://www.facebook.com/bbcnews/videos/10154887225047217/,üò≤ Wow! The force of that mudslide in China.,228735667216,228735667216_10154887225047217,1,14,1393,14,251,1029,2017-07-14 11:01:32.343653,572
2017-07-13T15:18:11+0000,It just wasn't to be for Jo Konta.,http://trib.al/eOYdOhq,"Well done Venus, but what an incredible Wimbledon for Britain's Jo Konta. üá∫üá∏üéæüá¨üáß",228735667216,228735667216_10154887061737217,5,10,3197,283,35,108,2017-07-14 11:01:32.343653,0
2017-07-13T14:57:53+0000, ,http://bbc.in/2udtOAu,"Staff will announce ""hello everyone"" instead of ""ladies and gentlemen"" so that all passengers feel ""welcome"".",228735667216,228735667216_10154886974187217,3872,3084,27149,4385,312,533,2017-07-14 11:01:32.343653,3706
2017-07-13T14:17:41+0000, ,http://bbc.in/2uUJlTj,After the girls' visa applications were refused it's reported President Donald J. Trump stepped in to help.,228735667216,228735667216_10154886726772217,34,96,8227,681,3,242,2017-07-14 11:01:32.343653,531
2017-07-13T13:38:23+0000,,https://www.facebook.com/bbcnews/videos/10154886607137217/,"""The man China couldn't erase"" - a look back at the life of Nobel laureate and human rights advocate Liu Xiaobo.

http://bbc.in/2vgyJNS",228735667216,228735667216_10154886607137217,327,14,4923,165,3424,60,2017-07-14 11:01:32.343653,3582
2017-07-13T13:29:29+0000, ,http://bbc.in/2udd6Bf,"Chinese Nobel laureate Liu Xiaobo, jailed for his pro-democracy work, dies in hospital aged 61, officials say.",228735667216,228735667216_10154886578122217,606,27,3820,45,5858,112,2017-07-14 11:01:32.343653,1772
2017-07-13T13:01:07+0000,,https://www.facebook.com/bbcnews/videos/10154886495012217/,That was a close call. This elephant was rescued from the ocean around 16km off Sri Lanka‚Äôs north-east coast. üò≥,228735667216,228735667216_10154886495012217,3,27,13151,2044,294,2301,2017-07-14 11:01:32.343653,3324
2017-07-13T12:21:33+0000, ,http://bbc.in/2ulJIcf,The tragic accident happened on a beach in the Caribbean which is just metres from the airport.,228735667216,228735667216_10154886385152217,74,194,7770,62,2768,2864,2017-07-14 11:01:32.343653,3330
2017-07-13T11:46:29+0000,,https://www.facebook.com/bbcnews/videos/10155586131131108/,"UK PM Theresa May says she shed ""a little tear"" after finding out the result of an exit poll suggesting she would lose her government's majority in #GE2017 (Via BBC Radio 5 live)

‚û°Ô∏è http://bbc.in/2uUJmql",228735667216,228735667216_10155586131131108,65,976,2044,140,79,27,2017-07-14 11:01:32.343653,396
2017-07-13T11:01:19+0000,,https://www.facebook.com/bbcnews/videos/10154886116602217/,"""To give up is not dignity at all.""

The case of British baby Charlie Gard, who has  rare genetic condition, has put a spotlight on experimental treatment. A family in the US told us what happened to their son who also has a mitochondrial disorder, although doctors caution that Charlie's condition could be more severe.",228735667216,228735667216_10154886116602217,18,2,3805,971,695,41,2017-07-14 11:01:32.343653,930
2017-07-13T10:19:09+0000, ,http://bbc.in/2sTofTZ,Chuck Blazer leaves behind a complex legacy to football.,228735667216,228735667216_10154885949422217,3,4,970,21,61,14,2017-07-14 11:01:32.343653,64
2017-07-13T10:00:53+0000,,https://www.facebook.com/bbcnews/videos/10154885845102217/,"Blue whale: A 126-year old skeleton replaces beloved Dippy the diplodocous at the Natural History Museum, London.

We were live with BBC‚Äôs Rebecca Morelle and Richard Sabin, a Principal Curator at the museum.",228735667216,228735667216_10154885845102217,56,36,6692,897,97,593,2017-07-14 11:01:32.343653,1124
2017-07-13T09:52:10+0000, ,http://bbc.in/2sSTtdI,12-year-old Luana was treated for cyanide poisoning. Toxic gas may have been released by burning insulation or plastic during the Grenfell tower fire.,228735667216,228735667216_10154885862252217,82,9,2039,27,1096,262,2017-07-14 11:01:32.343653,201
2017-07-13T09:20:20+0000, ,http://bbc.in/2uUgFJW,"Jacob flew 3,000 miles to surprise Becky on her wedding day to let her hear her late son's heart beating in his chest. ‚ù§Ô∏è",228735667216,228735667216_10154885773212217,5,44,36473,13528,745,2055,2017-07-14 11:01:32.343653,3694
2017-07-13T08:18:21+0000, ,http://bbc.in/2tP2NRj,"""It is a bit of a crazy idea,"" doctors say.",228735667216,228735667216_10154885653947217,11,575,3969,70,40,891,2017-07-14 11:01:32.343653,637
2017-07-13T07:54:08+0000, ,http://bbc.in/2ulnfMz,"""Be under no illusion, this will be hell.""",228735667216,228735667216_10154885607422217,137,98,2208,51,38,37,2017-07-14 11:01:32.343653,203
2017-07-13T07:18:25+0000,,https://www.facebook.com/bbcnews/videos/10154885538647217/,"When Andy Murray corrects a journalist's ""casual sexism.""

bbc.in/2ufdvT8",228735667216,228735667216_10154885538647217,24,1380,43361,9201,18,82,2017-07-14 11:01:40.124431,6734
2017-07-13T06:31:20+0000,,https://www.facebook.com/bbcnews/videos/10154885452907217/,"Meet the creature feature replacing ""Dippy"" at the Natural History Museum, London.

Its nickname? ""Hope"".

bbc.in/2sSlvGt",228735667216,228735667216_10154885452907217,12,11,7972,626,44,719,2017-07-14 11:01:40.124431,1451
2017-07-13T01:00:26+0000, ,http://bbc.in/2ufZgNR,"President Donald J. Trump tells the Christian Broadcasting Network, ""If Hillary [Clinton] had won our military would be decimated ... that's what Putin doesn't like about me.""",228735667216,228735667216_10154884751187217,191,4814,2946,65,33,211,2017-07-14 11:01:40.124431,369
2017-07-13T00:24:37+0000,,https://www.facebook.com/bbcnews/videos/10154884681907217/,Just a man taking his fridge onto a train...,228735667216,228735667216_10154884681907217,5,2054,3072,59,7,204,2017-07-14 11:01:40.124431,998
2017-07-13T00:00:25+0000, ,http://bbc.in/2sRoGOr,The former lobster fisherman saved two dozen whales over 15 years. üêã,228735667216,228735667216_10154884643657217,20,12,3768,479,5649,95,2017-07-14 11:01:40.124431,556
2017-07-12T23:10:29+0000, ,http://bbc.in/2u9BGmk,Applications to Canadians schools have gone up by as much as 50% since Trump was elected.,228735667216,228735667216_10154884554312217,12,1607,6437,295,43,206,2017-07-14 11:01:40.124431,901
2017-07-12T22:24:46+0000,,https://www.facebook.com/bbcnews/videos/10154884435652217/,"President Trump's nominee for FBI director, Christopher Wray, tells U.S. Senator Lindsey Graham the investigation into the president's Russia ties is ""not a witch hunt"".",228735667216,228735667216_10154884435652217,11,128,3897,173,4,37,2017-07-14 11:01:40.124431,831
2017-07-12T21:32:25+0000,,https://www.facebook.com/bbcnews/videos/10154884296367217/,What exactly is net neutrality?,228735667216,228735667216_10154884296367217,75,14,3856,116,21,201,2017-07-14 11:01:40.124431,3386
2017-07-12T21:03:52+0000, ,http://bbc.in/2uRBHJh,From a pop singer to a little-known publicist to a Russian lawyer ‚Äî the key players in the Trump Jr meeting explained.,228735667216,228735667216_10154884224737217,17,61,1101,32,4,20,2017-07-14 11:01:40.124431,63
2017-07-12T20:49:17+0000,,https://www.facebook.com/bbcnews/videos/10154741805046200/,"‚ÄúOur country looks deranged, stupid, diminished,‚Äù says former government adviser Julian Glover as he urges PM Theresa May to do a deal on #Brexit. #viewsnight.

(via BBC Newsnight)",228735667216,228735667216_10154741805046200,39,112,1357,87,19,22,2017-07-14 11:01:40.124431,370
2017-07-12T20:30:46+0000, ,http://bbc.in/2t433yo,The father-of-the-bride was making his speech when this ‚ö° happened!,228735667216,228735667216_10154884140587217,8,147,4516,75,985,1449,2017-07-14 11:01:40.124431,426
2017-07-12T19:44:10+0000,,https://www.facebook.com/bbcnews/videos/10155243790550659/,"""You're not in a hotel, you're in a hospital.""

Dominic filmed his family as they tried to cope with his grandad‚Äôs dementia. (via BBC Stories)",228735667216,228735667216_10155243790550659,26,32,37201,13971,9200,247,2017-07-14 11:01:40.124431,20036
2017-07-12T19:04:38+0000, ,http://bbc.in/2tNSJYG,"A woman phoned the 999 emergency phone line over and over again for years, unleashing ""a tirade of abuse"" on call handlers.",228735667216,228735667216_10154883885297217,238,42,1713,57,14,260,2017-07-14 11:01:40.124431,165
2017-07-12T18:33:23+0000, ,http://bbc.in/2t4vpc2,"Labour's shadow home secretary gives graphic details of ""racist, sexist"" abuse she's experienced.",228735667216,228735667216_10154883737542217,115,238,1321,30,382,29,2017-07-14 11:01:40.124431,151
2017-07-12T17:50:30+0000, ,http://bbc.in/2ujrHvx,Brazil's former president has been sentenced to nine-and-a-half years in prison - but it's understood he'll remain free pending an appeal.,228735667216,228735667216_10154883595247217,52,122,3510,266,29,420,2017-07-14 11:01:40.124431,956
2017-07-12T17:00:00+0000,,https://www.facebook.com/bbcnews/videos/10154882882912217/,"This is what happened during the Grenfell Tower Fire, in the words of those trapped inside: bbc.in/2ua4Od4",228735667216,228735667216_10154882882912217,13,4,623,17,383,24,2017-07-14 11:01:40.124431,208
2017-07-12T16:22:04+0000,,https://www.facebook.com/bbcnews/videos/1508136062582789/,"This mother is facing a terrible dilemma ‚Äì she feels that her daughter‚Äôs quality of life is so bad that doctors should let her die.

(Via BBC Family & Education News)",228735667216,228735667216_1508136062582789,139,13,5805,1338,10735,104,2017-07-14 11:01:40.124431,2005
2017-07-12T15:40:22+0000, ,http://bbc.in/2uRheUT,This is what happens to your old clothes when you throw them away.,228735667216,228735667216_10154883083042217,9,5,2279,62,29,264,2017-07-14 11:01:40.124431,623
2017-07-12T14:57:10+0000,What a performance from Sam Querrey.,http://trib.al/tpdmKKi,Andy Murray is OUT üò≤,228735667216,228735667216_10154882970107217,24,432,2506,104,1679,965,2017-07-14 11:01:40.124431,1
2017-07-12T14:21:47+0000,,https://www.facebook.com/bbcnews/videos/10154882873412217/,"A new exhibit on Japanese-American internment camps in World War II warns of the dangers of ignoring history.

http://bbc.in/2sNIlPs",228735667216,228735667216_10154882873412217,156,13,8536,125,3492,377,2017-07-14 11:01:40.124431,6080
2017-07-12T13:47:28+0000,,https://www.facebook.com/bbcnews/videos/10154882787207217/,"US shoots down a simulated missile over the Pacific, amid rising tension over North Korea's weapons programme.

bbc.in/2u8Fvbz",228735667216,228735667216_10154882787207217,36,30,2378,79,36,248,2017-07-14 11:01:40.124431,641
2017-07-12T13:01:56+0000, ,http://bbc.in/2tMpwx7,How lazy is your country?,228735667216,228735667216_10154882633977217,12,812,9545,74,30,319,2017-07-14 11:01:40.124431,2157
2017-07-12T12:37:50+0000,,https://www.facebook.com/bbcnews/videos/10154882190692217/,"Formula 1 Live London: Today is the first time all ten Formula 1 teams have come together outside of a race weekend.

We were live from Trafalgar Square speaking with Susie Wolff, who was the first woman to take part in a Formula 1 race weekend since 1992.",228735667216,228735667216_10154882190692217,14,18,2971,349,7,67,2017-07-14 11:01:40.124431,463
2017-07-12T12:18:41+0000, ,http://bbc.in/2uie4MR,In the words of victims and survivors - piecing together the timeline of London's Grenfell Tower fire.,228735667216,228735667216_10154882400737217,6,2,1632,27,403,16,2017-07-14 11:01:40.124431,116
2017-07-12T11:41:03+0000, ,http://bbc.in/2u7BPXK,Well done Ariana Grande - Manchester is so proud of you.,228735667216,228735667216_10154882312002217,52,87,18804,1828,5,140,2017-07-14 11:01:40.124431,581
2017-07-12T11:24:18+0000,,https://www.facebook.com/bbcnews/videos/10154882277302217/,"""Left... malnourished, without even a name"" ‚Äì these children are orphans of the battle for Mosul.

bbc.in/2udLo6N",228735667216,228735667216_10154882277302217,365,11,5296,417,14762,78,2017-07-14 11:01:48.215240,5135
2017-07-12T10:31:03+0000, ,http://bbc.in/2vbJCAx,A giant block of ice that's four-times the size of London has just broken away from Antarctica.,228735667216,228735667216_10154882140587217,480,115,16885,106,13231,10330,2017-07-14 11:01:48.215240,12324
2017-07-12T09:53:09+0000, ,http://bbc.in/2uhSY1l,The tinny was his only piece of luggage.,228735667216,228735667216_10154882046062217,10,11504,18681,964,14,175,2017-07-14 11:01:48.215240,4480
2017-07-12T09:05:56+0000, ,http://bbc.in/2tLS5uB,Ready Eddie Go! A 15-year-old work experience student charms commuters after taking over Southern Rail's Twitter account.,228735667216,228735667216_10154881882537217,7,881,8663,738,4,13,2017-07-14 11:01:48.215240,536
2017-07-12T08:14:24+0000, ,http://bbc.in/2ugo5dq,Anyone keen to help take on the marble hoard?,228735667216,228735667216_10154881789902217,2,39,2547,90,30,319,2017-07-14 11:01:48.215240,169
2017-07-12T08:00:25+0000, ,http://bbc.in/2ucj05h,"Dhinchak Pooja was so bad, she was good. At least that's what YouTube viewers say.",228735667216,228735667216_10154881763397217,8,243,1305,18,8,15,2017-07-14 11:01:48.215240,110
2017-07-12T07:42:29+0000,,https://www.facebook.com/bbcnews/videos/10154881729427217/,Spot on - a NASA - National Aeronautics and Space Administration spacecraft gets up close with Jupiter's most recognisable feature.,228735667216,228735667216_10154881729427217,1,18,6612,358,1,638,2017-07-14 11:01:48.215240,2307
2017-07-12T07:05:09+0000, ,http://bbc.in/2ubRNj0,"The ""highly sexualised"" advert included close-up shots of women's crotches.",228735667216,228735667216_10154881667252217,53,478,3190,86,30,70,2017-07-14 11:01:48.215240,170
2017-07-12T06:23:44+0000, ,http://bbc.in/2ugMboz,UK leaders hope this trip will foster understanding over Brexit.,228735667216,228735667216_10154881604827217,3,38,2453,75,0,8,2017-07-14 11:01:48.215240,100
2017-07-12T05:40:32+0000, ,http://bbc.in/2ugtT70,"Her famous blue-striped sari, now worn by nuns worldwide.",228735667216,228735667216_10154881538762217,21,54,3718,154,5,19,2017-07-14 11:01:48.215240,175
2017-07-12T05:06:37+0000, ,http://bbc.in/2t1OcVq,"""Not since Nazi Germany has a Nobel Prize winner died while in custody. That's what's unfolding in China.""",228735667216,228735667216_10154881485972217,229,7,1408,13,425,42,2017-07-14 11:01:48.215240,260
2017-07-12T04:30:48+0000,,https://www.facebook.com/bbcnews/videos/10154881429317217/,"South Korea's first black model faced racism as a child but being in front of cameras is making him more confident

http://bbc.in/2u79qRt",228735667216,228735667216_10154881429317217,8,68,18444,3116,21,488,2017-07-14 11:01:48.215240,4068
2017-07-12T04:10:53+0000, ,http://bbc.in/2uP62bg,Chisako Kakehi targeted men for their money and poisoned them with cyanide.,228735667216,228735667216_10154881394627217,141,45,1804,22,44,341,2017-07-14 11:01:48.215240,170
2017-07-12T03:31:34+0000, ,http://bbc.in/2uNf2Oo,Brolley bother! üåÇ,228735667216,228735667216_10154881321862217,1,86,1149,16,18,33,2017-07-14 11:01:48.215240,43
2017-07-12T02:46:31+0000, ,http://bbc.in/2ugutkR,The controversial missile shot down a target over the Pacific Ocean.,228735667216,228735667216_10154881223132217,20,38,5821,124,12,110,2017-07-14 11:01:48.215240,336
2017-07-12T01:59:13+0000, ,http://bbc.in/2u2SLye,Quite a hump in the road...,228735667216,228735667216_10154881115262217,10,196,2876,38,141,55,2017-07-14 11:01:48.215240,124
2017-07-12T00:11:27+0000, ,http://bbc.in/2tKsDWl,These are the key passages in the email chain that links Donald Trump Jr. to a Russian lawyer professing ties to Moscow.,228735667216,228735667216_10154880783927217,777,662,6630,98,44,362,2017-07-14 11:01:48.215240,915
2017-07-11T23:28:48+0000, ,http://bbc.in/2v9s5sB,"A pilot ""inadvertently"" lined up to land on a taxiway where four aircraft were waiting to take off.",228735667216,228735667216_10154880697517217,31,17,3782,46,32,868,2017-07-14 11:01:48.215240,422
2017-07-11T22:39:00+0000, ,http://bbc.in/2uf2dzp,A Texas family says their teenage son killed himself because of a rumoured internet challenge known as #BlueWhale.,228735667216,228735667216_10154880593962217,134,50,1933,44,1160,204,2017-07-14 11:01:48.215240,718
2017-07-11T21:47:03+0000, ,http://bbc.in/2sNpGmC,"Donald Trump Jr., Jared Kushner and Paul Manafort met with a Russian lawyer and discussed Hillary Clinton.

The BBC's Anthony Zurcher asks, what does it all mean?",228735667216,228735667216_10154880425887217,40,149,1468,63,5,46,2017-07-14 11:01:48.215240,108
2017-07-11T21:25:37+0000, ,http://bbc.in/2u9ZAxB,"More than 100 bikers rode into Leeds in October, causing chaos in scenes likened to Mad Max.",228735667216,228735667216_10154880295042217,8,123,1679,66,4,39,2017-07-14 11:01:48.215240,88
2017-07-11T20:56:03+0000, ,http://bbc.in/2sMQ3Jq,What Kirstie Allsopp said about where we should keep our washing machines puts Brits in a spin.,228735667216,228735667216_10154880120412217,35,835,2346,72,12,45,2017-07-14 11:01:48.215240,282
2017-07-11T20:16:13+0000,,https://www.facebook.com/bbcnews/videos/10154879998872217/,Fire and brimstone.,228735667216,228735667216_10154879998872217,33,41,8833,261,72,4373,2017-07-14 11:01:48.215240,5495
2017-07-11T19:20:48+0000, ,http://bbc.in/2uNK2gU,üë´üë¨üë¨üë≠üë≠üë´üë´üë≠üë¨üë´üë´üë´üë≠üë¨üë¨üë≠üë≠üë≠üë´üë¨üë¨üë´üë´üë≠üë¨üë´üë´üë≠üë¨üë≠üë¨üë≠üë¨üë´üë´üë´üë≠üë¨üë≠üë≠,228735667216,228735667216_10154879859837217,4,29,36794,7844,20,1841,2017-07-14 11:01:48.215240,3701
2017-07-11T18:34:18+0000,,https://www.facebook.com/bbcnews/videos/899363673537957/,"The culture ‚Äî and the controversy ‚Äî of ""eleventh night"" bonfires in Northern Ireland. (via BBC News NI)",228735667216,228735667216_899363673537957,127,7,806,37,32,81,2017-07-14 11:01:48.215240,276
2017-07-11T17:56:39+0000,Wow.,https://www.facebook.com/BBCSport/photos/a.320836764670030.76729.317278538359186/1497648573655504/?type=3,"Johanna Konta ‚Äî the first British woman to reach the Wimbledon semi-final since Virginia Wade in 1978! üá¨üáß

Full story: bbc.in/2tb7h2E",228735667216,228735667216_10154879547027217,9,17,12495,1024,4,330,2017-07-14 11:01:57.853204,0
2017-07-11T17:47:43+0000, ,http://bbc.in/2v83C7b,"""We need more females to bring new ideas that could solve Earth's biggest problems"" - these Girl Guides are challenging the status quo.",228735667216,228735667216_10154879504387217,1,6,2269,128,0,15,2017-07-14 11:01:57.853204,192
2017-07-11T17:09:05+0000, ,http://bbc.in/2u3ZQyK,"A British man killed battling so-called Islamic State in Syria ""fought courageously on behalf of all humanity"", Kurdish forces say.",228735667216,228735667216_10154879314387217,15,24,4981,283,1738,30,2017-07-14 11:01:57.853204,250
2017-07-11T16:04:01+0000,,https://www.facebook.com/bbcnews/videos/10155239708110659/,"Injected with HIV-contaminated blood as a boy, this is Adrian's story.

The government has launched an inquiry into the scandal: http://bbc.in/2ueDACS

(Via BBC Stories)",228735667216,228735667216_10155239708110659,611,8,6442,92,8697,1806,2017-07-14 11:01:57.853204,4313
2017-07-11T15:58:01+0000,,https://www.facebook.com/bbcnews/videos/10155171223526971/,"Can you solve the mystery of this a-maizing maze? üîç It really is elementary!

(Via BBC Leicester)",228735667216,228735667216_10155171223526971,0,13,2729,139,1,260,2017-07-14 11:01:57.853204,697
2017-07-11T15:27:30+0000, ,http://bbc.in/2u4PUVT,"BREAKING: Donald Trump Jr. releases emails showing he was offered ""sensitive"" information on Hillary Clinton by a Russian national.",228735667216,228735667216_10154879003352217,192,820,3962,52,16,522,2017-07-14 11:01:57.853204,780
2017-07-11T15:01:38+0000, ,http://bbc.in/2uMuOcj,"We hope Kermie is in safe hands. üê∏
(Thanks to Steve Whitmire for looking after him so well.)",228735667216,228735667216_10154878943407217,10,22,2127,113,88,314,2017-07-14 11:01:57.853204,361
2017-07-11T14:20:02+0000, ,http://bbc.in/2sLtFA6,A 5-year-old boy is among those who have been investigated by police over explicit photos.,228735667216,228735667216_10154878846292217,98,90,2096,23,567,688,2017-07-14 11:01:57.853204,487
2017-07-11T13:36:20+0000,,https://www.facebook.com/bbcnews/videos/10154737349201200/,"The women fighting to ""finish off"" so-called Islamic State, on the front line in Syria. (via BBC Newsnight)

Full film: bbc.in/2t0gL5r",228735667216,228735667216_10154737349201200,2,5,3849,492,17,191,2017-07-14 11:01:57.853204,1130
2017-07-11T12:59:05+0000,,https://www.facebook.com/bbcnews/videos/1862601217090061/,"Boris Johnson says the EU can ""go whistle"" if they demand an ""extortionate"" #Brexit divorce bill from the UK.
(Via BBC Politics) http://bbc.in/2udZ6rn",228735667216,228735667216_1862601217090061,88,339,1784,138,10,31,2017-07-14 11:01:57.853204,329
2017-07-11T12:30:16+0000,,https://www.facebook.com/bbcnews/videos/10155579701836108/,"Meet the couple who are crazy for crazy golf ‚Äî they've played on more than 700 courses around the UK. ‚õ≥Ô∏è
(via BBC Radio 5 live)",228735667216,228735667216_10155579701836108,1,199,3498,190,4,45,2017-07-14 11:01:57.853204,471
2017-07-11T11:48:01+0000, ,http://bbc.in/2sLdNNY,"Iberia insisted the pregnancy tests were to ensure the safety of female job candidates, a claim that was ridiculed on social media.",228735667216,228735667216_10154878515257217,29,80,2244,19,2,114,2017-07-14 11:01:57.853204,96
2017-07-11T11:02:33+0000,,https://www.facebook.com/bbcnews/videos/10156511324114968/,"Is it a boy or a girl? Finding out the sex of your unborn baby just got a whole lot more creative.

(Via Newsbeat)",228735667216,228735667216_10156511324114968,39,744,5529,601,16,61,2017-07-14 11:01:57.853204,1045
2017-07-11T10:22:43+0000,,https://www.facebook.com/bbcnews/videos/10154878248017217/,"Theresa May makes her first big speech since being re-elected as Prime Minister. She is joined by political strategist Matthew Taylor, to speak about modern employment.",228735667216,228735667216_10154878248017217,803,73,2045,237,36,39,2017-07-14 11:01:57.853204,386
2017-07-11T10:17:25+0000,,https://www.facebook.com/bbcnews/videos/10154878275567217/,Drone footage captures the moment a whale appears to play with a pod of dolphins off the coast of Western Australia üêãüê¨üê¨üê¨,228735667216,228735667216_10154878275567217,3,128,60670,15418,21,4844,2017-07-14 11:01:57.853204,36408
2017-07-11T09:38:30+0000, ,http://bbc.in/2ucZSVv,There are fears gonorrhoea is becoming untreatable as antibiotics fail but this could help.,228735667216,228735667216_10154878148622217,5,26,3549,124,15,223,2017-07-14 11:01:57.853204,686
2017-07-11T08:58:08+0000, ,http://bbc.in/2u2WuvO,"Meet Spike, the Picasso of the insect world. üé®üêúüêûüï∑Ô∏èüêõ",228735667216,228735667216_10154878007672217,5,650,4912,463,3,177,2017-07-14 11:01:57.853204,1133
2017-07-11T08:13:13+0000, ,http://bbc.in/2u7Sfi3,No-one survived after this Marine Corps plane came down in Mississippi.,228735667216,228735667216_10154877924847217,39,60,8043,76,7919,626,2017-07-14 11:01:57.853204,1258
2017-07-11T07:33:40+0000, ,http://bbc.in/2u7Id0G,"Donald J. Trump is now likely to come to the UK next year, we understand, despite denials a state visit would be delayed.",228735667216,228735667216_10154877851417217,675,494,3194,159,56,29,2017-07-14 11:01:57.853204,236
2017-07-11T07:21:04+0000,,https://www.facebook.com/bbcnews/videos/1491338437613697/,"This puts using a phone at the wheel on a whole other level.

The video was released by police to encourage people who've caught similiar incidents on dashcam to come forward.",228735667216,228735667216_1491338437613697,658,159,2557,32,29,423,2017-07-14 11:01:57.853204,718
2017-07-11T07:06:17+0000, ,http://bbc.in/2tI98xD,"The UK's ""cash-in-hand economy"" is worth up to ¬£6bn a year, but is too much of it going untaxed?",228735667216,228735667216_10154877802522217,26,95,1403,28,6,20,2017-07-14 11:01:57.853204,112
2017-07-11T05:39:11+0000, ,http://bbc.in/2uL0MWo,Girls with dreams become women with vision. üôåüôåüôå,228735667216,228735667216_10154877647817217,5,6,4906,256,2,54,2017-07-14 11:01:57.853204,281
2017-07-11T04:59:15+0000, ,http://bbc.in/2v5KGG2,Activists say the UNESCO move will give Beijing cover to relocate Tibetan nomads in the area.,228735667216,228735667216_10154877575982217,76,5,1794,22,84,17,2017-07-14 11:01:57.853204,78
2017-07-11T04:07:55+0000, ,http://bbc.in/2u2HRIT,"""Security organs are steering the process, not medical experts.""",228735667216,228735667216_10154877495972217,76,2,1205,17,123,20,2017-07-14 11:01:57.853204,73
2017-07-11T03:22:46+0000, ,http://bbc.in/2uKPO2V,"Their bus appeared to have been caught in crossfire, police tell the BBC.",228735667216,228735667216_10154877417247217,250,9,2261,27,820,32,2017-07-14 11:01:57.853204,174
2017-07-11T02:24:35+0000, ,http://bbc.in/2sJPjVz,"Bertha was a pioneer of Manila Zoo, believed to have been 7 when it first opened.",228735667216,228735667216_10154877296067217,24,9,4887,165,3272,88,2017-07-14 11:02:07.592177,440
2017-07-11T00:31:05+0000, ,http://bbc.in/2sYbMlI,"The number of evacuees doubled in the Canadian province over the weekend, as hot and dry weather fuelled the flames.",228735667216,228735667216_10154876941102217,4,1,1414,25,480,165,2017-07-14 11:02:07.592177,194
2017-07-10T23:39:19+0000, ,http://bbc.in/2u9Ocmp,"He was out of ideas, but that didn't stop him.",228735667216,228735667216_10154876816877217,0,8,3986,178,3,152,2017-07-14 11:02:07.592177,571
2017-07-10T22:49:57+0000, ,http://bbc.in/2uIyOKX,"We asked, you answered: from the band RUSH to the garbage bag,
BBC readers shared their favourite Canadian creations.",228735667216,228735667216_10154876706177217,2,35,1338,112,0,13,2017-07-14 11:02:07.592177,193
2017-07-10T22:02:36+0000, ,http://bbc.in/2u5VsyY,The last stand... over a seat.,228735667216,228735667216_10154876558882217,518,844,4142,103,50,80,2017-07-14 11:02:07.592177,243
2017-07-10T21:40:12+0000, ,http://bbc.in/2uadxN3,Democrats are united in their opposition to President Donald J. Trump ‚Äî but will that be enough to save them?,228735667216,228735667216_10154876500417217,21,238,1366,63,33,24,2017-07-14 11:02:07.592177,127
2017-07-10T20:55:27+0000, ,http://bbc.in/2sIjoEK,The pressure's on.,228735667216,228735667216_10154876386507217,208,134,1251,48,11,12,2017-07-14 11:02:07.592177,89
2017-07-10T20:20:26+0000,,https://www.facebook.com/bbcnews/videos/733677436837474/,"A dating app is adding facial recognition tech to help people find celebrity lookalikes... (via BBC Technology News)
bbc.in/2v4Zjtk",228735667216,228735667216_733677436837474,10,244,915,32,22,44,2017-07-14 11:02:07.592177,168
2017-07-10T19:55:54+0000,Adios üòÆ,http://trib.al/0G4Na7l,"Rafa Nadal is OUT.

Five match points later, it's Gilles M√ºller who progresses to the quarter-finals.",228735667216,228735667216_10154876208162217,17,72,1708,56,877,803,2017-07-14 11:02:07.592177,0
2017-07-10T19:50:08+0000, ,http://bbc.in/2uIILrG,"On 12 July you may notice sites like Amazon.com & Netflix slowing down as they protest against proposed changes to ""net neutrality"".",228735667216,228735667216_10154876191612217,383,51,8709,563,168,1081,2017-07-14 11:02:07.592177,5056
2017-07-10T19:25:05+0000, ,http://bbc.in/2uJ9jJp,"""I announce from here the end and the failure and the collapse of the terrorist state"" ‚Äî Iraqi PM Haider al-Abadi",228735667216,228735667216_10154876120307217,0,26,5223,295,2,69,2017-07-14 11:02:07.592177,336
2017-07-10T18:45:06+0000, ,http://bbc.in/2tFRpXV,"UK's offer to EU citizens a ""damp squib"", says the European Parliament's chief Brexit negotiator.",228735667216,228735667216_10154876011862217,54,226,2722,72,47,28,2017-07-14 11:02:07.592177,241
2017-07-10T17:51:04+0000, ,http://bbc.in/2u8mCG6,These women were forced into sexual slavery for Japan's military.,228735667216,228735667216_10154875829732217,3525,21,8536,70,5311,295,2017-07-14 11:02:07.592177,1944
2017-07-10T17:09:07+0000, ,http://bbc.in/2u02d5G,Campaigners had claimed ministers were acting illegally by selling weapons that had been used to kill civilians in Yemen.,228735667216,228735667216_10154875620172217,352,39,1631,26,132,41,2017-07-14 11:02:07.592177,212
2017-07-10T16:29:25+0000,,https://www.facebook.com/bbcnews/videos/898692126938445/,"""My apologies and heartfelt sympathy"" - Ex-IRA man Michael Hayes says sorry for Birmingham pub bombs that killed 21 people.

Read more: bbc.in/2u5tWS1  (Via BBC News NI)",228735667216,228735667216_898692126938445,575,15,1978,55,274,66,2017-07-14 11:02:07.592177,433
2017-07-10T16:03:34+0000, ,http://bbc.in/2sXhcgY,IRA member Michael Hayes says he was part of group responsible for 1974 Birmingham bombs and apologises for 21 deaths.,228735667216,228735667216_10154875409437217,301,2,1279,30,48,78,2017-07-14 11:02:07.592177,183
2017-07-10T15:41:12+0000, ,http://bbc.in/2uaaR26,Anne Marie Morris says she's sorry for using a racist expression during a public discussion about Brexit.,228735667216,228735667216_10154875344697217,913,114,1744,31,27,252,2017-07-14 11:02:07.592177,356
2017-07-10T15:20:33+0000,,https://www.facebook.com/bbcnews/videos/10154875262277217/,"You'll never guess when this photo was taken...

This woman is adding colour to black and white photos from history.",228735667216,228735667216_10154875262277217,14,153,77926,11688,372,15496,2017-07-14 11:02:07.592177,62695
2017-07-10T14:34:08+0000, ,http://bbc.in/2u9tz9I,"""Stop stealing because you're terrible at it.""

When her son's new bike was stolen, this mum set about finding the thief - so she could help him turn his life around.",228735667216,228735667216_10154875144432217,0,55,2884,124,5,44,2017-07-14 11:02:07.592177,136
2017-07-10T13:59:37+0000,,https://www.facebook.com/bbcnews/videos/10154875017637217/,NHS treatment: Rebecca turned her personal fight to help her son who has cerebal palsy into a campaign that changed how the NHS work. Rebecca and her son David joined us live.,228735667216,228735667216_10154875017637217,8,22,1711,184,6,18,2017-07-14 11:02:07.592177,198
2017-07-10T13:34:45+0000, ,http://bbc.in/2uIryP7,"""I don't find none of this funny"" - Stormzy isn't happy.",228735667216,228735667216_10154874979912217,24,521,2032,21,6,85,2017-07-14 11:02:07.592177,98
2017-07-10T12:50:42+0000,,https://www.facebook.com/bbcnews/videos/10154874866552217/,"This is the official guidance for what to do if you're caught up in a terror attack while on holiday.

bbc.in/2uHL6mH",228735667216,228735667216_10154874866552217,31,65,5105,61,512,343,2017-07-14 11:02:07.592177,4285
2017-07-10T12:03:15+0000, ,http://bbc.in/2tFCGw1,A mother brought her son to the train toilet - and saw just in time that the floor was missing.,228735667216,228735667216_10154874751882217,549,32,2229,20,145,2096,2017-07-14 11:02:07.592177,721
2017-07-10T11:10:48+0000, ,http://bbc.in/2tFwXXb,"Donald Trump Jr. admitted meeting a Russian lawyer, who promised damaging material on Hillary Clinton.",228735667216,228735667216_10154874641747217,1490,699,4099,56,93,925,2017-07-14 11:02:07.592177,931
2017-07-10T10:26:32+0000, ,http://bbc.in/2u8sEqn,Theresa May's first big speech since losing her majority and she's calling on rivals to 'contribute and not just criticise'.,228735667216,228735667216_10154874462632217,43,522,2128,57,5,24,2017-07-14 11:02:07.592177,167
2017-07-10T09:52:50+0000,,https://www.facebook.com/bbcnews/videos/10154874093077217/,Camden Lock fire: A huge blaze broke out overnight. Barry Caffrey was live at the popular London market to give us an update.,228735667216,228735667216_10154874093077217,38,18,2435,208,1272,262,2017-07-14 11:02:17.415160,740
2017-07-10T09:52:17+0000,,https://www.facebook.com/bbcnews/videos/10154874166247217/,The 'tampon tax' war has arrived in India. bbc.in/2tZiOqh,228735667216,228735667216_10154874166247217,1983,200,6842,108,640,313,2017-07-14 11:02:17.415160,1922
2017-07-10T09:27:01+0000,,https://www.facebook.com/bbcnews/videos/10154874025592217/,This is how so-called Islamic State lost control of the area around Mosul http://bbc.in/2u3BPaC,228735667216,228735667216_10154874025592217,4,47,1747,165,4,22,2017-07-14 11:02:17.415160,171
2017-07-10T09:07:39+0000, ,http://bbc.in/2sG1xhT,"""Sorry we missed each other, but feel free to call me... so we can discuss a deal.""",228735667216,228735667216_10154874017537217,28,4814,8647,280,23,67,2017-07-14 11:02:17.415160,1691
2017-07-10T08:18:29+0000,,https://www.facebook.com/bbcnews/videos/10154873921972217/,"70 firefighters have been tackling a huge blaze at the popular tourist attraction Camden Lock Market in north London.

Latest: http://bbc.in/2tZezLr",228735667216,228735667216_10154873921972217,55,15,3249,32,5147,2010,2017-07-14 11:02:17.415160,1915
2017-07-10T08:01:45+0000,,https://www.facebook.com/bbcnews/videos/10154873895022217/,"The desperate search for survivors in Mosul, liberated from so-called Islamic State.

More here: bbc.in/2tFnL54",228735667216,228735667216_10154873895022217,23,4,2472,62,1296,34,2017-07-14 11:02:17.415160,694
2017-07-10T07:08:51+0000, ,http://bbc.in/2u2Vbwq,"UK shoppers are facing ""higher prices, less choice and poorer quality"" - according to former Sainsbury's boss Justin King.",228735667216,228735667216_10154873792672217,150,511,4218,33,514,154,2017-07-14 11:02:17.415160,845
2017-07-10T06:24:58+0000,,https://www.facebook.com/bbcnews/videos/1412464658837743/,"A disabled fan got the most incredible Coldplay concert experience ever. http://bbc.in/2sVPbX6

(Via BBC Entertainment News)",228735667216,228735667216_1412464658837743,6,85,63489,19657,17,1871,2017-07-14 11:02:17.415160,21384
2017-07-10T05:57:52+0000,,https://www.facebook.com/bbcnews/videos/10154873684067217/,Trendy with a chance of meatballs? üòã #fatdieme http://bbc.in/2tYP7FO,228735667216,228735667216_10154873684067217,5,25,869,62,3,16,2017-07-14 11:02:17.415160,143
2017-07-10T05:05:47+0000, ,http://bbc.in/2sFjgGb,"The blaze lit up the skies and moved ""very fast"".",228735667216,228735667216_10154873610077217,45,10,3422,29,3990,1450,2017-07-14 11:02:17.415160,1985
2017-07-10T04:09:28+0000, ,http://bbc.in/2v0Alew,No girls allowed on Japan's sacred Okinoshima island.,228735667216,228735667216_10154873527972217,80,180,2515,66,25,299,2017-07-14 11:02:17.415160,238
2017-07-10T03:34:38+0000,'You wait in the intangible prison of the heart.',http://bbc.in/2tEmlrf,"Liu Xiaobo and his love Liu Xia, inseparable. Until they were forced apart.",228735667216,228735667216_10154873459247217,4,3,1304,74,384,11,2017-07-14 11:02:17.415160,183
2017-07-10T02:44:07+0000, ,http://bbc.in/2sUXVwt,The key leader in the 1989 Tiananmen Square protests is dying of liver cancer.,228735667216,228735667216_10154873344442217,10,1,2132,53,582,28,2017-07-14 11:02:17.415160,124
2017-07-10T02:06:38+0000, ,http://bbc.in/2tEIwxM,Australia's most senior Catholic figure is due to face a Melbourne court. He has strongly denied any wrongdoing.,228735667216,228735667216_10154873270537217,180,26,1214,18,20,50,2017-07-14 11:02:17.415160,99
2017-07-09T22:59:06+0000, ,http://bbc.in/2sxvMrg,Photos of Miss South Africa wearing gloves while visiting black children at an orphanage in Soweto sparked an online outcry.,228735667216,228735667216_10154872249127217,4004,898,9366,157,589,1449,2017-07-14 11:02:17.415160,1547
2017-07-09T22:00:18+0000, ,http://bbc.in/2u0QLGB,The 'Men-only' island was awarded the World Heritage acclaim.,228735667216,228735667216_10154872102607217,9,27,3513,122,1,142,2017-07-14 11:02:17.415160,237
2017-07-09T21:00:00+0000,,https://www.facebook.com/bbcnews/videos/10155232732940659/,"My big fake straight wedding - Why young gay Asians are hiding their sexuality by entering into fake marriages.

(via BBC Stories)",228735667216,228735667216_10155232732940659,19,24,987,25,380,96,2017-07-14 11:02:17.415160,268
2017-07-09T20:00:00+0000,,https://www.facebook.com/bbcnews/videos/1489720591108815/,"""We need to find Ella a kidney,"" said mum.

Meet the parents who've both donated kidneys to their children, so have no more left to give.

(via BBC News: East of England)",228735667216,228735667216_1489720591108815,0,1,1227,120,269,21,2017-07-14 11:02:17.415160,286
2017-07-09T19:00:00+0000,,https://www.facebook.com/bbcnews/videos/10155232753580659/,"""I didn't abandon her, I didn't leave her"".

Leah Aharoni was told one of her twins died at birth ‚Äì but 50 years later, could her daughter still be alive?

(via BBC Stories)",228735667216,228735667216_10155232753580659,63,9,4399,142,2813,600,2017-07-14 11:02:17.415160,1086
2017-07-09T18:00:16+0000, ,http://bbc.in/2uEBaua,"The White House issued a statement mixing up China and Taiwan, and  they also called the prime minister of Japan, the president of Japan.",228735667216,228735667216_10154871375047217,1013,7697,6595,75,1035,2590,2017-07-14 11:02:17.415160,3410
2017-07-09T17:53:08+0000,Ministers are seeking to make it harder for UK holidaymakers to make bogus food poisoning claims.,http://www.bbc.co.uk/news/business-40550858,British tourists are making so many fake food poisoning claims that the government is threatening to step in.,228735667216,228735667216_10154871339967217,193,986,4893,64,65,485,2017-07-14 11:02:17.415160,718
2017-07-09T17:00:30+0000, ,http://bbc.in/2tDs3tH,Could the electric car revolution be closer than we thought? üöó,228735667216,228735667216_10154871115637217,8,30,14172,1027,5,290,2017-07-14 11:02:17.415160,1205
2017-07-09T16:04:28+0000, ,http://bbc.in/2sUadoS,The beautiful Lake District in the UK now joins the likes of the Grand Canyon and Machu Picchu as a place of international acclaim.,228735667216,228735667216_10154870952767217,7,12,27914,2922,2,451,2017-07-14 11:02:17.415160,3271
2017-07-09T15:30:59+0000,,https://www.facebook.com/bbcnews/videos/10154870857202217/,"Bad handshakes, face palms, eye-rolling and other memorable moments at this year's G20 Summit. bbc.in/2u6i9nv",228735667216,228735667216_10154870857202217,94,16270,30162,924,167,319,2017-07-14 11:02:17.415160,12954
2017-07-09T14:30:19+0000, ,http://bbc.in/2u6HehT,"""He deserves a chance"".

The parents of baby Charlie Gard delivered the petition which has now been signed by more than 350,000 people.",228735667216,228735667216_10154870701057217,93,10,3569,277,329,15,2017-07-14 11:02:17.415160,205
2017-07-09T14:00:47+0000,,https://www.facebook.com/bbcnews/videos/10154870593182217/,"Our correspondent in Mosul sent us this video.

After nine months of intense fighting, the Iraqi PM has declared that the city of Mosul has been liberated from the Islamic State Group. bbc.in/2u6mR4i",228735667216,228735667216_10154870593182217,19,5,2955,65,592,132,2017-07-14 11:02:27.097128,665
2017-07-09T13:22:42+0000, ,http://bbc.in/2u5S4oC,"Chinese dissident, Liu Xiaobo, fought to be allowed marry his wife.",228735667216,228735667216_10154870513337217,5,6,2219,110,95,22,2017-07-14 11:02:27.097128,100
2017-07-09T12:30:37+0000,Wayne Rooney is heading back to where it all began.,http://trib.al/fBkgsVa,Manchester United's all-time record scorer Wayne Rooney has left Old Trafford after 13 years at the club.,228735667216,228735667216_10154870380777217,17,123,7312,137,952,569,2017-07-14 11:02:27.097128,2
2017-07-09T12:28:33+0000, ,http://bbc.in/2u61AYG,The Iraqi Prime Minister Haider al-Abadi has declared that the city of Mosul has been liberated from the Islamic State group.,228735667216,228735667216_10154870376252217,6,42,19571,1448,7,604,2017-07-14 11:02:27.097128,1650
2017-07-09T10:34:31+0000,,https://www.facebook.com/bbcnews/videos/1859941144022735/,"""I'm beginning to think Brexit may never happen"" - Sir Vince Cable and Liberal Democrat MP has told The Andrew Marr Show.

bbc.in/2tWdgwF (via BBC Politics)",228735667216,228735667216_1859941144022735,136,629,4413,310,14,97,2017-07-14 11:02:27.097128,988
2017-07-09T10:01:54+0000, ,http://bbc.in/2u6280L,The ceasefire is being observed in south-western Syria.,228735667216,228735667216_10154870089467217,5,12,3400,56,112,28,2017-07-14 11:02:27.097128,219
2017-07-09T09:30:00+0000,,https://www.facebook.com/bbcnews/videos/1504654102930985/,"Opera for babies - just look at their reactions. üë∂üê•üé∂

(via BBC Family & Education News)",228735667216,228735667216_1504654102930985,3,180,14711,3453,2,537,2017-07-14 11:02:27.097128,6611
2017-07-09T08:30:17+0000, ,http://bbc.in/2tVNCrG,The Canadian province of British Columbia has declared a state of emergency and thousands have been evacuated.,228735667216,228735667216_10154869834527217,20,3,2624,21,1963,753,2017-07-14 11:02:27.097128,647
2017-07-09T07:34:25+0000, ,http://bbc.in/2u5MQcv,"The G20 summit in Germany was ""carried out beautifully"" by Mrs Merkel - President Donald J. Trump.",228735667216,228735667216_10154869758777217,82,542,4294,79,14,34,2017-07-14 11:02:27.097128,163
2017-07-08T22:00:00+0000,,https://www.facebook.com/bbcnews/videos/10155229343610659/,"Watching my son become my daughter.

A Welsh mother and father describe what it feels like to see their son become their daughter. (via BBC Stories)

#PrideinLondon",228735667216,228735667216_10155229343610659,230,209,18490,5629,296,296,2017-07-14 11:02:27.097128,4434
2017-07-08T21:00:00+0000,,https://www.facebook.com/bbcnews/videos/1488675024546705/,"Why I collect litter in my neighbourhood. Meet Janet. üëè

(via BBC News: East of England)",228735667216,228735667216_1488675024546705,3,19,23726,4956,11,623,2017-07-14 11:02:27.097128,4535
2017-07-08T20:00:50+0000, ,http://bbc.in/2sB94P4,Do you own this snake?. üêç,228735667216,228735667216_10154868271727217,7,55,1357,31,4,74,2017-07-14 11:02:27.097128,105
2017-07-08T19:00:18+0000, ,http://bbc.in/2u3ErWO,"Ivanka Trump is an adviser to her father, but a leader's absence is usually covered by high-ranking officials.",228735667216,228735667216_10154868080637217,8736,3216,9560,308,363,1110,2017-07-14 11:02:27.097128,2119
2017-07-08T18:00:00+0000,,https://www.facebook.com/bbcnews/videos/1410897348994474/,"An artist with a difference - Harriet stitches her subjects. üë©‚Äçüé®

(via BBC Entertainment News)",228735667216,228735667216_1410897348994474,3,15,11635,1504,4,1269,2017-07-14 11:02:27.097128,3884
2017-07-08T17:13:17+0000, ,http://bbc.in/2sKHrY3,"The Appalachian mountain range are home to fervent Donald J. Trump supporters, but they are also most reliant on the health care programmes he wants to end.",228735667216,228735667216_10154867673667217,81,1655,4353,53,606,158,2017-07-14 11:02:27.097128,902
2017-07-08T17:00:00+0000,,https://www.facebook.com/bbcnews/videos/1859044354112414/,"""I'll talk to you in a moment"" - Labour leader Jeremy Corbyn is interrupted during his Durham gala speech. (via BBC Politics)",228735667216,228735667216_1859044354112414,92,810,3866,152,18,223,2017-07-14 11:02:27.097128,529
2017-07-08T16:00:45+0000, ,http://bbc.in/2uAaryV,An indigenous woman is dead after someone threw a trailer hitch at her from a car window. Will justice be served?,228735667216,228735667216_10154867467342217,625,4,1679,23,715,92,2017-07-14 11:02:27.097128,202
2017-07-08T15:10:03+0000, ,http://bbc.in/2u3zltM,An acrobat from Brighton has died after reportedly falling 100ft (30m) during a stunt at a rock festival in Spain.,228735667216,228735667216_10154867331837217,12,34,2887,33,1877,301,2017-07-14 11:02:27.097128,220
2017-07-08T14:20:06+0000, ,http://bbc.in/2tXmAA0,Is the battle for the Iraqi city of Mosul over?,228735667216,228735667216_10154867218532217,7,59,5398,198,7,41,2017-07-14 11:02:27.097128,238
2017-07-08T12:29:38+0000, ,http://bbc.in/2uBXDb7,The march marks 50 years since homosexuality was legalised in England and Wales. #PrideinLondon,228735667216,228735667216_10154866944317217,228,93,11102,1760,83,54,2017-07-14 11:02:27.097128,675
2017-07-08T11:40:06+0000, ,http://bbc.in/2sQUTta,"Miss, Ms or Mrs: Which honorific do you go by?
Meet the woman who brought ""Ms"" into mainstream use.",228735667216,228735667216_10154866841582217,5,22,3410,223,522,32,2017-07-14 11:02:27.097128,629
2017-07-08T10:20:00+0000,,https://www.facebook.com/bbcnews/videos/10154940341785787/,"‚ÄúI rave because it‚Äôs my happy place."" - Bradley has Asperger‚Äôs and that doesn‚Äôt stop him raving.
